年月日,平均気温(℃),平均気温(℃),平均気温(℃),最高気温(℃),最高気温(℃),最高気温(℃),最低気温(℃),最低気温(℃),最低気温(℃),平均風速(m/s),平均風速(m/s),平均風速(m/s),最大風速(m/s),最大風速(m/s),最大風速(m/s),最大風速(m/s),最大風速(m/s),最大瞬間風速(m/s),最大瞬間風速(m/s),最大瞬間風速(m/s),最大瞬間風速(m/s),最大瞬間風速(m/s),最多風向(16方位),最多風向(16方位),最多風向(16方位),平均現地気圧(hPa),平均現地気圧(hPa),平均現地気圧(hPa),平均雲量(10分比),平均雲量(10分比),平均雲量(10分比),天気概況(昼：06時～18時),天気概況(昼：06時～18時),天気概況(昼：06時～18時)
2022/9/7,26.8,8,1,30.0,8,1,24.4,8,1,2.2,8,1,6.0,8,南,8,1,10.1,8,南南東,8,1,南,8,1,1009.7,8,1,9.8,8,1,曇時々雨,8,1
2022/9/8,23.5,8,1,26.0,8,1,21.4,8,1,2.4,8,1,4.8,8,北西,8,1,9.1,8,北北東,8,1,北,8,1,1012.8,8,1,10.0,8,1,曇時々雨,8,1
2022/9/9,24.5,8,1,28.8,8,1,21.6,8,1,2.3,8,1,4.2,8,北東,8,1,7.1,8,北東,8,1,北東,8,1,1012.1,8,1,9.8,8,1,曇一時雨,8,1
2022/9/10,25.3,8,1,30.6,8,1,22.0,8,1,3.2,8,1,5.6,8,東北東,8,1,10.8,8,東北東,8,1,北東,8,1,1013.7,8,1,3.5,8,1,晴一時曇,8,1
2022/9/11,24.4,8,1,28.3,8,1,21.3,8,1,3.0,8,1,5.3,8,北北東,8,1,10.1,8,北,8,1,北北東,8,1,1013.9,8,1,9.8,8,1,曇,8,1
2022/9/12,25.8,8,1,30.9,8,1,22.3,8,1,2.8,8,1,5.4,8,東北東,8,1,10.1,8,東北東,8,1,東北東,8,1,1012.8,8,1,9.0,8,1,薄曇時々晴,8,1
2022/9/13,26.1,8,1,31.2,8,1,22.0,8,1,2.2,8,1,3.9,8,南南東,8,1,6.0,8,南南東,8,1,南南東,8,1,1012.6,8,1,9.0,8,1,曇,8,1
2022/9/14,26.7,8,1,32.3,8,1,22.9,8,1,2.9,8,1,6.0,8,北東,8,1,10.5,8,東北東,8,1,東北東,8,1,1013.2,8,1,9.3,8,1,薄曇時々晴,8,1
2022/9/15,23.6,8,1,27.1,8,1,20.9,8,1,2.4,8,1,4.6,8,東北東,8,1,7.8,8,東北東,8,1,北東,8,1,1013.3,8,1,9.8,8,1,曇,8,1
2022/9/16,25.1,8,1,31.1,8,1,19.5,8,1,2.5,8,1,5.5,8,南,8,1,8.8,8,南,8,1,南東,8,1,1012.1,8,1,4.3,8,1,晴,8,1
2022/9/17,26.9,8,1,31.1,8,1,22.8,8,1,2.3,8,1,5.0,8,南東,8,1,9.0,8,南南東,8,1,南南東,8,1,1012.2,8,1,9.5,8,1,薄曇,8,1
2022/9/18,25.2,8,1,26.7,8,1,23.7,8,1,2.5,8,1,6.8,8,南東,8,1,12.5,8,南東,8,1,南南東,8,1,1008.7,8,1,10.0,8,1,大雨時々曇、雷を伴う,8,1
2022/9/19,27.1,8,1,30.8,8,1,24.7,8,1,5.6,8,1,9.5,8,南南東,8,1,18.5,8,南南東,8,1,南南東,8,1,999.9,8,1,9.3,8,1,曇時々雨,8,1
2022/9/20,22.3,8,1,27.8,8,1,17.0,8,1,4.9,8,1,9.5,8,南,8,1,18.1,8,南,8,1,南,8,1,998.3,8,1,10.0,8,1,大雨,8,1
2022/9/21,19.5,8,1,24.2,8,1,16.5,8,1,3.4,8,1,5.1,8,北東,8,1,9.1,8,東北東,8,1,北東,8,1,1012.6,8,1,10.0,8,1,曇一時晴,8,1
2022/9/22,20.3,8,1,24.9,8,1,17.2,8,1,2.7,8,1,5.3,8,北西,8,1,9.0,8,北北西,8,1,北西,8,1,1017.7,8,1,10.0,8,1,曇後一時雨,8,1
2022/9/23,21.7,8,1,25.1,8,1,19.0,8,1,2.1,8,1,4.8,8,北西,8,1,7.3,8,北西,8,1,北西,8,1,1011.3,8,1,10.0,8,1,曇時々雨,8,1
2022/9/24,23.1,8,1,25.8,8,1,20.5,8,1,2.7,8,1,8.7,8,南東,8,1,15.2,8,南南東,8,1,北北東,8,1,1006.8,8,1,10.0,8,1,大雨時々曇、雷を伴う,8,1
2022/9/25,22.9,8,1,27.6,8,1,20.1,8,1,3.0,8,1,5.2,8,東北東,8,1,8.7,8,北東,8,1,北東,8,1,1012.5,8,1,4.0,8,1,晴一時曇,8,1
2022/9/26,23.3,8,1,29.1,8,1,18.5,8,1,2.0,8,1,4.2,8,南東,8,1,6.9,8,南南東,8,1,南南東,8,1,1013.2,8,1,1.0,8,1,快晴,8,1
2022/9/27,23.2,8,1,29.0,8,1,19.4,8,1,2.5,8,1,5.5,8,東北東,8,1,11.2,8,東北東,8,1,東北東,8,1,1011.9,8,1,5.8,8,1,晴後曇,8,1
2022/9/28,22.8,8,1,27.5,8,1,18.7,8,1,2.5,8,1,4.3,8,南南東,8,1,7.9,8,北東,8,1,北,8,1,1007.8,8,1,6.3,8,1,晴,8,1
2022/9/29,22.4,8,1,26.7,8,1,20.3,8,1,2.1,8,1,5.0,8,南,8,1,7.1,8,南,8,1,南南東,8,1,1010.6,8,1,10.0,8,1,曇,8,1
2022/9/30,23.2,8,1,28.3,8,1,19.2,8,1,2.3,8,1,3.8,8,北東,8,1,7.4,8,東,8,1,北東,8,1,1013.5,8,1,3.3,8,1,晴,8,1
2022/10/1,23.6,8,1,29.2,8,1,19.8,8,1,2.6,8,1,4.7,8,東北東,8,1,8.0,8,東,8,1,北北西,8,1,1014.2,8,1,2.5,8,1,晴,8,1
2022/10/2,23.5,8,1,29.6,8,1,18.9,8,1,2.3,8,1,4.5,8,東北東,8,1,7.3,8,東北東,8,1,北東,8,1,1018.2,8,1,1.8,8,1,快晴,8,1
2022/10/3,23.0,8,1,27.6,8,1,20.1,8,1,2.2,8,1,4.5,8,南東,8,1,6.7,8,南東,8,1,南南西,8,1,1018.8,8,1,9.0,8,1,曇,8,1
2022/10/4,25.2,8,1,29.5,8,1,20.5,8,1,4.6,8,1,7.9,8,南南西,8,1,14.4,8,南南西,8,1,南,8,1,1009.5,8,1,5.3,8,1,晴時々薄曇,8,1
2022/10/5,19.8,8,1,25.2,8,1,14.3,8,1,3.0,8,1,5.9,8,南,8,1,10.4,8,北東,8,1,北東,8,1,1010.4,8,1,9.0,8,1,雨一時曇,8,1
2022/10/6,13.1,8,1,15.0,8,1,11.4,8,1,3.2,8,1,5.8,8,北東,8,1,9.6,8,北,8,1,北北東,8,1,1018.0,8,1,10.0,8,1,雨後一時曇,8,1
2022/10/7,12.4,8,1,13.3,8,1,11.3,8,1,3.3,8,1,6.0,8,北西,8,1,12.1,8,北西,8,1,北西,8,1,1013.7,8,1,10.0,8,1,大雨,8,1
2022/10/8,16.1,8,1,20.9,8,1,12.1,8,1,1.8,8,1,4.1,8,北西,8,1,8.8,8,西北西,8,1,北東,8,1,1016.1,8,1,9.5,8,1,曇,8,1
2022/10/9,17.0,8,1,21.1,8,1,14.3,8,1,2.2,8,1,3.9,8,北北東,8,1,7.6,8,北北東,8,1,北北西,8,1,1020.8,8,1,7.8,8,1,曇後一時雨,8,1
2022/10/10,18.1,8,1,22.8,8,1,14.7,8,1,1.9,8,1,5.3,8,南,8,1,10.1,8,南南西,8,1,北西,8,1,1007.0,8,1,10.0,8,1,曇後一時晴,8,1
2022/10/11,21.6,8,1,25.8,8,1,17.6,8,1,3.0,8,1,8.4,8,南,8,1,15.2,8,南南東,8,1,北,8,1,1009.3,8,1,9.8,8,1,薄曇,8,1
2022/10/12,18.5,8,1,20.0,8,1,17.4,8,1,2.3,8,1,4.3,8,北東,8,1,6.8,8,北北東,8,1,北北東,8,1,1021.1,8,1,10.0,8,1,曇時々雨,8,1
2022/10/13,15.8,8,1,17.9,8,1,14.9,8,1,2.6,8,1,4.8,8,北西,8,1,8.8,8,北北西,8,1,北西,8,1,1021.6,8,1,10.0,8,1,雨時々曇,8,1
2022/10/14,17.9,8,1,20.5,8,1,14.9,8,1,2.2,8,1,5.1,8,北西,8,1,10.2,8,北北西,8,1,北北西,8,1,1016.3,8,1,10.0,8,1,曇時々雨,8,1
2022/10/15,20.2,8,1,24.7,8,1,17.5,8,1,1.9,8,1,3.8,8,北北東,8,1,5.8,8,北北東,8,1,北,8,1,1015.0,8,1,9.5,8,1,曇一時雨,8,1
2022/10/16,20.0,8,1,25.5,8,1,16.1,8,1,1.7,8,1,3.8,8,南東,8,1,6.5,8,南東,8,1,北北東,8,1,1015.9,8,1,7.5,8,1,曇後一時晴,8,1
2022/10/17,20.1,8,1,21.9,8,1,18.7,8,1,1.4,8,1,3.2,8,北西,8,1,4.9,8,北北西,8,1,北西,8,1,1007.7,8,1,10.0,8,1,曇時々雨,8,1
2022/10/18,16.2,8,1,18.8,8,1,13.0,8,1,2.9,8,1,5.2,8,北北東,8,1,9.0,8,北東,8,1,北北東,8,1,1010.1,8,1,10.0,8,1,曇,8,1
2022/10/19,14.6,8,1,18.8,8,1,11.4,8,1,2.1,8,1,4.3,8,北北東,8,1,6.8,8,北東,8,1,北北東,8,1,1017.7,8,1,8.5,8,1,曇時々晴,8,1
2022/10/20,14.7,8,1,20.7,8,1,9.7,8,1,2.1,8,1,4.1,8,南東,8,1,6.3,8,南東,8,1,南,8,1,1022.8,8,1,0.0,8,1,快晴,8,1
2022/10/21,16.7,8,1,23.2,8,1,10.9,8,1,2.6,8,1,6.7,8,南,8,1,11.2,8,南西,8,1,西北西,8,1,1022.8,8,1,2.5,8,1,晴,8,1
2022/10/22,16.6,8,1,20.8,8,1,14.1,8,1,1.5,8,1,3.8,8,北西,8,1,5.1,8,北西,8,1,北西,8,1,1015.8,8,1,8.3,8,1,曇,8,1
2022/10/23,18.2,8,1,23.8,8,1,13.1,8,1,1.8,8,1,5.3,8,北北東,8,1,11.2,8,北東,8,1,北東,8,1,1007.6,8,1,6.3,8,1,晴後時々薄曇,8,1
2022/10/24,13.3,8,1,17.2,8,1,11.9,8,1,3.1,8,1,5.4,8,北北東,8,1,9.5,8,北北東,8,1,北北東,8,1,1011.4,8,1,10.0,8,1,曇時々雨,8,1
2022/10/25,12.8,8,1,14.4,8,1,10.2,8,1,2.9,8,1,4.7,8,北西,8,1,11.0,8,北,8,1,北北西,8,1,1016.7,8,1,10.0,8,1,曇,8,1
2022/10/26,13.8,8,1,18.9,8,1,9.5,8,1,2.9,8,1,4.8,8,北東,8,1,10.5,8,北,8,1,北北西,8,1,1022.5,8,1,2.5,8,1,快晴,8,1
2022/10/27,12.8,8,1,17.7,8,1,8.5,8,1,1.8,8,1,3.4,8,南南東,8,1,5.5,8,南東,8,1,北北西,8,1,1023.4,8,1,5.3,8,1,曇時々晴,8,1
2022/10/28,13.5,8,1,19.2,8,1,9.9,8,1,1.7,8,1,3.3,8,北西,8,1,5.9,8,北,8,1,北北西,8,1,1021.0,8,1,4.8,8,1,曇後晴,8,1
2022/10/29,15.8,8,1,22.0,8,1,10.8,8,1,2.2,8,1,5.0,8,北西,8,1,7.9,8,北西,8,1,北,8,1,1018.3,8,1,0.5,8,1,晴,8,1
2022/10/30,13.8,8,1,19.2,8,1,10.2,8,1,1.7,8,1,3.3,8,西北西,8,1,6.5,8,北北西,8,1,北,8,1,1019.4,8,1,4.8,8,1,晴時々薄曇,8,1
2022/10/31,14.7,8,1,20.1,8,1,10.3,8,1,2.2,8,1,4.2,8,北東,8,1,8.0,8,北東,8,1,北北西,8,1,1022.4,8,1,0.0,8,1,快晴,8,1
2022/11/1,14.8,8,1,17.6,8,1,12.1,8,1,2.3,8,1,4.3,8,北西,8,1,7.9,8,北西,8,1,北北西,8,1,1019.8,8,1,10.0,8,1,曇,8,1
2022/11/2,16.7,8,1,22.8,8,1,11.6,8,1,1.9,8,1,3.5,8,南南東,8,1,5.3,8,西北西,8,1,南南東,8,1,1014.7,8,1,2.0,8,1,快晴,8,1
2022/11/3,17.8,8,1,24.3,8,1,12.8,8,1,2.4,8,1,6.3,8,南,8,1,11.6,8,南南西,8,1,西北西,8,1,1010.0,8,1,2.0,8,1,晴,8,1
2022/11/4,15.5,8,1,21.0,8,1,11.9,8,1,2.5,8,1,5.5,8,東北東,8,1,11.2,8,北東,8,1,西北西,8,1,1009.0,8,1,7.0,8,1,晴後時々曇,8,1
2022/11/5,14.0,8,1,17.3,8,1,11.7,8,1,2.0,8,1,3.3,8,北東,8,1,5.7,8,北,8,1,北東,8,1,1015.7,8,1,8.5,8,1,曇時々晴,8,1
2022/11/6,13.5,8,1,18.4,8,1,10.0,8,1,2.1,8,1,4.0,8,北西,8,1,7.4,8,北西,8,1,北北西,8,1,1019.3,8,1,2.0,8,1,晴,8,1
2022/11/7,13.7,8,1,18.2,8,1,9.6,8,1,1.8,8,1,3.4,8,西北西,8,1,5.4,8,北北西,8,1,北北西,8,1,1018.9,8,1,6.8,8,1,曇時々晴,8,1
2022/11/8,15.9,8,1,22.2,8,1,11.0,8,1,2.1,8,1,4.4,8,北西,8,1,8.1,8,西北西,8,1,北北西,8,1,1016.1,8,1,2.5,8,1,快晴,8,1
2022/11/9,14.6,8,1,19.2,8,1,10.4,8,1,2.1,8,1,4.1,8,南南東,8,1,6.3,8,北西,8,1,南南東,8,1,1022.2,8,1,3.3,8,1,晴一時曇,8,1
2022/11/10,15.2,8,1,21.8,8,1,9.9,8,1,1.9,5,1,3.7,5,南南東),5,1,6.2,5,西南西),5,1,北西,5,1,1020.1,8,1,3.8,8,1,晴後曇,8,1
2022/11/11,16.1,8,1,21.6,8,1,10.4,8,1,2.0,8,1,3.4,8,東北東,8,1,6.3,8,東,8,1,北北西,8,1,1023.3,8,1,0.8,8,1,快晴,8,1
2022/11/12,16.6,8,1,21.8,8,1,13.1,8,1,1.7,8,1,3.5,8,北西,8,1,5.3,8,北西,8,1,北北西,8,1,1021.2,8,1,2.0,8,1,晴一時曇,8,1
2022/11/13,18.0,8,1,24.1,8,1,13.0,8,1,2.9,8,1,8.4,8,南南西,8,1,15.9,8,南南西,8,1,南,8,1,1007.9,8,1,7.5,8,1,薄曇時々雨一時晴,8,1
2022/11/14,16.1,8,1,18.8,8,1,14.2,8,1,3.3,8,1,7.0,8,北北西,8,1,13.8,8,北西,8,1,東,8,1,1007.7,8,1,7.0,8,1,晴時々曇一時雨,8,1
2022/11/15,11.1,8,1,14.4,8,1,9.4,8,1,2.1,8,1,3.7,8,北西,8,1,6.3,8,西北西,8,1,北西,8,1,1007.9,8,1,7.3,8,1,雨後一時晴,8,1
2022/11/16,12.4,8,1,17.3,8,1,8.3,8,1,2.2,8,1,5.1,8,北西,8,1,9.4,8,北西,8,1,北西,8,1,1011.3,8,1,2.3,8,1,快晴,8,1
2022/11/17,12.8,8,1,17.7,8,1,7.7,8,1,1.9,8,1,3.4,8,東,8,1,6.1,8,東北東,8,1,北北西,8,1,1019.4,8,1,7.3,8,1,曇一時晴,8,1
2022/11/18,13.2,8,1,17.9,8,1,9.2,8,1,1.9,8,1,4.0,8,南東,8,1,5.8,8,南東,8,1,北西,8,1,1022.0,8,1,3.8,8,1,晴,8,1
2022/11/19,13.7,8,1,18.5,8,1,8.9,8,1,2.2,8,1,4.0,8,東,8,1,7.6,8,東,8,1,西北西,8,1,1021.0,8,1,5.8,8,1,晴後時々薄曇,8,1
2022/11/20,11.6,8,1,13.7,8,1,10.3,8,1,2.4,8,1,4.5,8,北西,8,1,8.8,8,西北西,8,1,北北西,8,1,1020.9,8,1,10.0,8,1,曇後雨,8,1
2022/11/21,13.4,8,1,17.8,8,1,10.8,8,1,2.1,8,1,5.4,8,北西,8,1,9.5,8,西北西,8,1,北西,8,1,1014.8,8,1,7.5,8,1,雨時々曇後晴,8,1
2022/11/22,15.4,8,1,20.4,8,1,10.1,8,1,2.1,8,1,4.8,8,北西,8,1,8.9,8,北西,8,1,北東,8,1,1016.3,8,1,5.0,8,1,晴後薄曇,8,1
2022/11/23,11.7,8,1,15.3,8,1,10.3,8,1,2.8,8,1,5.9,8,北西,8,1,12.1,8,西北西,8,1,北西,8,1,1012.6,8,1,10.0,8,1,雨,8,1
2022/11/24,15.3,8,1,20.9,8,1,9.5,8,1,3.0,8,1,7.3,8,北西,8,1,12.6,8,北西,8,1,北西,8,1,1007.7,8,1,7.0,8,1,晴後薄曇,8,1
2022/11/25,13.5,8,1,17.8,8,1,10.5,8,1,2.2,8,1,5.7,8,南東,8,1,8.3,8,南東,8,1,南南東,8,1,1017.8,8,1,2.5,8,1,快晴,8,1
2022/11/26,12.7,8,1,16.6,8,1,10.5,8,1,1.6,8,1,3.5,8,西北西,8,1,5.6,8,北西,8,1,北西,8,1,1011.7,8,1,9.8,8,1,曇一時雨,8,1
2022/11/27,14.4,8,1,19.2,8,1,10.8,8,1,2.6,8,1,5.8,8,北西,8,1,12.3,8,北西,8,1,北北西,8,1,1014.4,8,1,2.0,8,1,快晴,8,1
2022/11/28,11.7,8,1,14.3,8,1,8.4,8,1,1.6,8,1,3.1,8,北西,8,1,5.3,8,北北西,8,1,北西,8,1,1023.8,8,1,10.0,8,1,曇,8,1
2022/11/29,16.7,8,1,21.3,8,1,11.6,8,1,3.3,8,1,7.4,8,南,8,1,15.4,8,南,8,1,南,8,1,1012.6,8,1,10.0,8,1,曇時々雨,8,1
2022/11/30,16.6,8,1,20.6,8,1,13.4,8,1,2.2,8,1,6.9,8,南,8,1,12.8,8,南南西,8,1,北,8,1,1006.4,8,1,9.8,8,1,曇,8,1
2022/12/1,10.1,8,1,13.6,8,1,8.4,8,1,2.1,8,1,4.3,8,北北東,8,1,7.9,8,北北東,8,1,北北西,8,1,1014.5,8,1,10.0,8,1,雨時々曇,8,1
2022/12/2,9.4,8,1,13.3,8,1,6.1,8,1,2.5,8,1,4.6,8,北東,8,1,8.3,8,北北東,8,1,北北西,8,1,1018.4,8,1,9.0,8,1,曇時々晴,8,1
2022/12/3,7.8,8,1,11.7,8,1,5.4,8,1,1.8,8,1,4.3,8,北西,8,1,6.5,8,北西,8,1,北北西,8,1,1020.9,8,1,7.0,8,1,曇後一時晴,8,1
2022/12/4,10.2,8,1,15.9,8,1,4.9,8,1,1.7,8,1,4.0,8,北西,8,1,7.4,8,西北西,8,1,北西,8,1,1014.7,8,1,5.8,8,1,晴後曇,8,1
2022/12/5,7.6,8,1,10.3,8,1,5.2,8,1,2.2,8,1,4.0,8,北北西,8,1,7.4,8,北西,8,1,北,8,1,1016.9,8,1,10.0,8,1,雨時々曇,8,1
2022/12/6,6.1,8,1,8.6,8,1,4.1,8,1,2.1,8,1,3.9,8,北北西,8,1,8.9,8,北北西,8,1,北北西,8,1,1012.0,8,1,7.8,8,1,雨後曇,8,1
2022/12/7,8.5,8,1,14.2,8,1,3.6,8,1,1.5,8,1,3.4,8,南南東,8,1,4.8,8,南南東,8,1,西北西,8,1,1012.7,8,1,2.0,8,1,晴一時薄曇,8,1
2022/12/8,9.3,8,1,14.9,8,1,4.3,8,1,1.4,8,1,3.4,8,西北西,8,1,6.1,8,西北西,8,1,西北西,8,1,1014.8,8,1,2.5,8,1,快晴,8,1
2022/12/9,9.3,8,1,13.8,8,1,5.0,8,1,1.8,8,1,3.8,8,南東,8,1,6.8,8,東南東,8,1,北北東,8,1,1017.6,8,1,6.3,8,1,晴一時曇,8,1
2022/12/10,10.4,8,1,15.8,8,1,5.0,8,1,1.8,8,1,3.3,8,東南東,8,1,6.2,8,東南東,8,1,北西,8,1,1013.8,8,1,5.8,8,1,晴,8,1
2022/12/11,9.5,8,1,15.2,8,1,6.4,8,1,2.3,8,1,5.1,8,北東,8,1,10.3,8,北北東,8,1,北北東,8,1,1009.9,8,1,7.5,8,1,薄曇時々雨一時晴,8,1
2022/12/12,8.2,8,1,11.8,8,1,5.8,8,1,2.2,8,1,4.6,8,北東,8,1,8.7,8,北東,8,1,北東,8,1,1017.4,8,1,4.0,8,1,晴,8,1
2022/12/13,7.2,8,1,10.1,8,1,5.3,8,1,1.9,8,1,4.6,8,北西,8,1,7.5,8,西北西,8,1,北西,8,1,1009.1,8,1,7.3,8,1,雨時々曇後晴,8,1
2022/12/14,9.2,8,1,15.4,8,1,4.9,8,1,2.9,8,1,6.4,8,北西,8,1,11.8,8,北西,8,1,南南西,8,1,1005.1,8,1,0.3,8,1,晴,8,1
2022/12/15,7.0,8,1,12.4,8,1,3.0,8,1,2.2,8,1,4.0,8,北西,8,1,7.5,8,北西,8,1,北西,8,1,1011.8,8,1,2.0,8,1,晴一時曇,8,1
2022/12/16,8.2,8,1,14.1,8,1,2.3,8,1,1.7,8,1,4.1,8,北西,8,1,7.2,8,南南西,8,1,北西,8,1,1014.9,8,1,0.0,8,1,快晴,8,1
2022/12/17,6.7,8,1,10.1,8,1,4.5,8,1,1.6,8,1,3.1,8,北北西,8,1,6.0,8,北北西,8,1,北北西,8,1,1012.7,8,1,10.0,8,1,曇,8,1
2022/12/18,6.5,8,1,11.3,8,1,2.8,8,1,2.8,8,1,6.3,8,北西,8,1,11.4,8,北西,8,1,西北西,8,1,1003.0,8,1,4.5,8,1,晴一時雨,8,1
2022/12/19,4.9,8,1,10.1,8,1,0.0,8,1,2.0,8,1,4.6,8,南南西,8,1,7.4,8,南南西,8,1,南南西,8,1,1011.8,8,1,0.0,8,1,快晴,8,1
2022/12/20,5.4,8,1,10.9,8,1,0.8,8,1,1.7,8,1,3.5,8,南,8,1,5.3,8,南南西,8,1,北西,8,1,1018.0,8,1,0.0,8,1,快晴,8,1
2022/12/21,6.5,8,1,9.9,8,1,2.8,8,1,1.8,8,1,3.2,8,南南東,8,1,6.0,8,北西,8,1,北西,8,1,1014.5,8,1,10.0,8,1,曇後一時晴,8,1
2022/12/22,7.2,8,1,10.7,8,1,4.1,8,1,2.6,8,1,6.0,8,西北西,8,1,10.1,8,南西,8,1,北西,8,1,992.6,8,1,7.0,8,1,雨後晴時々曇,8,1
2022/12/23,5.4,8,1,8.4,8,1,2.2,8,1,4.8,8,1,8.4,8,西南西,8,1,15.1,8,西南西,8,1,西南西,8,1,991.9,8,1,0.3,8,1,快晴,8,1
2022/12/24,6.2,8,1,11.5,8,1,-0.1,8,1,3.3,8,1,5.9,8,北西,8,1,10.6,8,西,8,1,北西,8,1,995.6,8,1,0.0,8,1,快晴,8,1
2022/12/25,6.9,8,1,13.1,8,1,1.8,8,1,3.1,8,1,6.5,8,北西,8,1,12.7,8,北西,8,1,北西,8,1,1002.5,8,1,0.3,8,1,晴,8,1
2022/12/26,6.3,8,1,11.4,8,1,1.8,8,1,3.6,8,1,6.5,8,北西,8,1,12.5,8,北西,8,1,北西,8,1,1009.8,8,1,2.3,8,1,晴時々薄曇,8,1
2022/12/27,6.8,8,1,12.3,8,1,2.0,8,1,2.7,8,1,7.5,8,北西,8,1,12.5,8,西北西,8,1,北西,8,1,1017.9,8,1,0.0,8,1,快晴,8,1
2022/12/28,6.5,8,1,11.9,8,1,2.8,8,1,1.4,8,1,3.5,8,北西,8,1,5.9,8,北西,8,1,北北東,8,1,1018.6,8,1,3.3,8,1,晴時々曇,8,1
2022/12/29,8.1,8,1,13.7,8,1,2.9,8,1,2.0,8,1,4.6,8,北西,8,1,7.8,8,北北西,8,1,北西,8,1,1015.6,8,1,0.0,8,1,快晴,8,1
2022/12/30,6.6,8,1,11.8,8,1,2.8,8,1,1.9,8,1,3.5,8,北北東,8,1,7.3,8,北北西,8,1,北西,8,1,1019.6,8,1,3.3,8,1,曇後晴,8,1
2022/12/31,5.7,8,1,10.5,8,1,3.1,8,1,1.6,8,1,3.3,8,北北東,8,1,5.9,8,北,8,1,北北西,8,1,1019.4,8,1,3.5,8,1,曇後晴,8,1
2023/1/1,6.6,8,1,13.0,8,1,0.9,8,1,1.7,8,1,4.1,8,南南東,8,1,6.6,8,北西,8,1,北西,8,1,1015.8,8,1,0.0,8,1,快晴,8,1
2023/1/2,6.2,8,1,12.1,8,1,2.0,8,1,2.1,8,1,4.2,8,北西,8,1,9.0,8,北,8,1,北北西,8,1,1015.7,8,1,2.0,8,1,晴,8,1
2023/1/3,5.8,8,1,11.0,8,1,0.5,8,1,2.2,8,1,4.9,8,北西,8,1,9.2,8,北北西,8,1,北西,8,1,1015.2,8,1,1.0,8,1,快晴,8,1
2023/1/4,5.6,8,1,11.0,8,1,1.3,8,1,2.6,8,1,4.7,8,北西,8,1,8.8,8,北北西,8,1,北西,8,1,1015.2,8,1,1.5,8,1,晴,8,1
2023/1/5,5.9,8,1,10.6,8,1,2.6,8,1,3.2,8,1,6.3,8,北西,8,1,12.0,8,北西,8,1,北西,8,1,1018.8,8,1,0.0,8,1,快晴,8,1
2023/1/6,5.3,8,1,9.9,8,1,0.0,8,1,1.7,8,1,3.2,8,西北西,8,1,5.2,8,北北東,8,1,北北東,8,1,1017.0,8,1,7.3,8,1,薄曇時々晴,8,1
2023/1/7,6.0,8,1,10.4,8,1,3.0,8,1,1.7,8,1,3.9,8,北西,8,1,5.9,8,北西,8,1,北西,8,1,1010.4,8,1,4.3,8,1,晴,8,1
2023/1/8,7.0,8,1,12.5,8,1,1.6,8,1,1.8,8,1,3.2,8,南南東,8,1,5.7,8,東北東,8,1,北北西,8,1,1015.7,8,1,1.5,8,1,快晴,8,1
2023/1/9,8.0,8,1,13.9,8,1,2.4,8,1,1.9,8,1,3.3,8,南東,8,1,4.9,8,南東,8,1,北北西,8,1,1013.5,8,1,0.8,8,1,快晴,8,1
2023/1/10,6.3,8,1,9.9,8,1,2.8,8,1,4.9,8,1,9.8,8,北西,8,1,18.1,8,北西,8,1,北西,8,1,1014.9,8,1,1.5,8,1,快晴,8,1
2023/1/11,5.4,8,1,10.7,8,1,1.5,8,1,1.8,8,1,4.0,8,西北西,8,1,6.8,8,西北西,8,1,西北西,8,1,1021.3,8,1,2.3,8,1,晴一時曇,8,1
2023/1/12,6.1,8,1,12.6,8,1,1.3,8,1,1.3,8,1,3.6,8,西北西,8,1,6.1,8,北北西,8,1,北西,8,1,1021.2,8,1,1.5,8,1,晴時々薄曇,8,1
2023/1/13,8.7,8,1,14.0,8,1,3.1,8,1,1.8,8,1,4.6,8,南南西,8,1,8.7,8,南,8,1,北西,8,1,1017.9,8,1,5.0,8,1,晴後薄曇,8,1
2023/1/14,9.5,8,1,14.2,8,1,7.1,8,1,2.0,8,1,6.2,8,南西,8,1,11.5,8,南南西,8,1,北北西,8,1,1004.9,8,1,9.0,8,1,曇時々雨,8,1
2023/1/15,10.3,8,1,12.0,8,1,7.6,8,1,2.1,8,1,4.0,8,東北東,8,1,7.7,8,東北東,8,1,東北東,8,1,1006.9,8,1,10.0,8,1,曇後雨,8,1
2023/1/16,6.3,8,1,7.7,8,1,3.6,8,1,2.1,8,1,4.3,8,北北東,8,1,7.5,8,東北東,8,1,北北東,8,1,1008.0,8,1,10.0,8,1,雨一時曇,8,1
2023/1/17,4.7,8,1,7.6,8,1,2.1,8,1,2.0,8,1,4.3,8,北,8,1,9.4,8,北西,8,1,北東,8,1,1019.0,8,1,7.0,8,1,曇一時晴,8,1
2023/1/18,7.3,8,1,12.4,8,1,3.8,8,1,2.0,8,1,5.0,8,北北東,8,1,9.9,8,北東,8,1,北西,8,1,1013.8,8,1,7.8,8,1,曇時々晴,8,1
2023/1/19,6.3,8,1,9.1,8,1,2.7,8,1,2.0,8,1,4.1,8,北北東,8,1,7.9,8,北北東,8,1,北北東,8,1,1018.3,8,1,5.0,8,1,晴後曇,8,1
2023/1/20,7.6,8,1,12.3,8,1,3.9,8,1,2.1,8,1,5.1,8,北西,8,1,9.6,8,西北西,8,1,北西,8,1,1011.2,8,1,2.5,8,1,晴,8,1
2023/1/21,5.6,8,1,9.0,8,1,3.2,8,1,4.1,8,1,7.4,8,北西,8,1,16.2,8,北,8,1,北西,8,1,1018.1,8,1,2.5,8,1,晴一時薄曇,8,1
2023/1/22,4.9,8,1,8.9,8,1,1.7,8,1,1.8,8,1,3.5,8,北東,8,1,6.7,8,北北西,8,1,北,8,1,1021.5,8,1,9.8,8,1,薄曇一時晴,8,1
2023/1/23,4.5,8,1,6.1,8,1,2.8,8,1,2.1,8,1,6.1,8,南東,8,1,10.5,8,南東,8,1,北北西,8,1,1015.6,8,1,10.0,8,1,雨後曇,8,1
2023/1/24,4.7,8,1,11.8,8,1,-0.8,8,1,3.7,8,1,12.2,8,北西,8,1,22.6,8,西北西,8,1,北西,8,1,997.6,8,1,10.0,8,1,薄曇時々雨後一時晴,8,1
2023/1/25,-0.3,8,1,3.7,8,1,-2.9,8,1,4.8,8,1,9.1,8,西北西,8,1,17.8,8,北西,8,1,西北西,8,1,1011.7,8,1,0.3,8,1,晴,8,1
2023/1/26,3.0,8,1,8.5,8,1,-3.4,8,1,2.1,8,1,4.3,8,南南東,8,1,7.3,8,南南東,8,1,南南東,8,1,1013.8,8,1,1.8,8,1,晴後一時薄曇,8,1
2023/1/27,3.8,8,1,6.6,8,1,1.5,8,1,1.9,8,1,7.2,8,北西,8,1,13.3,8,北西,8,1,北東,8,1,1004.9,8,1,10.0,8,1,曇後一時雨,8,1
2023/1/28,3.7,8,1,8.3,8,1,0.4,8,1,3.3,8,1,6.2,8,北西,8,1,14.4,8,西北西,8,1,北西,8,1,1005.0,8,1,4.0,8,1,晴後一時曇,8,1
2023/1/29,3.4,8,1,8.8,8,1,-1.6,8,1,2.1,8,1,4.3,8,南東,8,1,7.2,8,南南東,8,1,南南東,8,1,1010.1,8,1,0.0,8,1,快晴,8,1
2023/1/30,4.2,8,1,10.0,8,1,-0.7,8,1,2.6,8,1,6.6,8,北西,8,1,14.3,8,北西,8,1,北西,8,1,1008.5,8,1,2.0,8,1,晴後一時曇,8,1
2023/1/31,4.6,8,1,9.0,8,1,1.3,8,1,3.1,8,1,6.8,8,北西,8,1,12.3,8,北西,8,1,北西,8,1,1014.6,8,1,3.0,8,1,晴後時々曇,8,1
2023/2/1,6.8,8,1,13.1,8,1,-0.7,8,1,3.1,8,1,8.3,8,南,8,1,15.1,8,南南東,8,1,南,8,1,1010.0,8,1,0.8,8,1,晴一時薄曇,8,1
2023/2/2,6.4,8,1,9.2,8,1,4.7,8,1,4.1,8,1,6.8,8,北西,8,1,13.7,8,西北西,8,1,北西,8,1,1013.6,8,1,9.3,8,1,薄曇一時晴,8,1
2023/2/3,4.8,8,1,6.2,8,1,3.2,8,1,2.2,8,1,4.1,8,北北西,8,1,8.4,8,北北西,8,1,北,8,1,1016.3,8,1,9.5,8,1,曇,8,1
2023/2/4,6.5,8,1,11.2,8,1,2.2,8,1,1.8,8,1,4.2,8,北西,8,1,7.3,8,北北西,8,1,北,8,1,1014.0,8,1,3.8,8,1,晴時々曇,8,1
2023/2/5,6.8,8,1,12.0,8,1,1.4,8,1,2.1,8,1,5.3,8,南南東,8,1,8.1,8,南東,8,1,北北西,8,1,1018.3,8,1,0.0,8,1,晴,8,1
2023/2/6,7.8,8,1,13.6,8,1,3.2,8,1,1.8,8,1,4.3,8,北西,8,1,7.5,8,北西,8,1,北北西,8,1,1017.5,8,1,4.5,8,1,晴後薄曇,8,1
2023/2/7,10.5,8,1,15.4,8,1,6.7,8,1,2.3,8,1,4.7,8,北東,8,1,8.8,8,北東,8,1,北北東,8,1,1014.9,8,1,10.0,8,1,曇,8,1
2023/2/8,8.7,8,1,11.7,8,1,5.6,8,1,2.2,8,1,3.9,8,北東,8,1,7.0,8,北北西,8,1,北北東,8,1,1013.2,8,1,9.3,8,1,曇,8,1
2023/2/9,6.2,8,1,10.6,8,1,2.3,8,1,4.0,8,1,8.2,8,北西,8,1,14.7,8,北西,8,1,北西,8,1,1022.7,8,1,2.5,8,1,晴後一時薄曇,8,1
2023/2/10,1.9,8,1,3.5,8,1,0.0,8,1,2.8,8,1,5.8,8,北西,8,1,9.8,8,西北西,8,1,北西,8,1,1018.9,8,1,10.0,8,1,雪一時みぞれ後雨,8,1
2023/2/11,8.7,8,1,14.1,8,1,2.6,8,1,2.8,8,1,8.5,8,北西,8,1,16.4,8,北西,8,1,北,8,1,1015.1,8,1,5.0,8,1,晴,8,1
2023/2/12,11.0,8,1,16.9,8,1,4.9,8,1,2.5,8,1,6.8,8,南,8,1,12.1,8,南西,8,1,南,8,1,1018.2,8,1,8.3,8,1,薄曇時々晴,8,1
2023/2/13,7.7,8,1,10.3,8,1,4.9,8,1,2.1,8,1,4.0,8,北,8,1,8.1,8,北,8,1,北,8,1,1006.2,8,1,10.0,8,1,雨一時曇,8,1
2023/2/14,5.6,8,1,10.7,8,1,3.3,8,1,3.5,8,1,6.2,8,北西,8,1,13.1,8,北北西,8,1,北北西,8,1,1006.7,8,1,8.3,8,1,曇時々晴,8,1
2023/2/15,3.5,8,1,7.8,8,1,0.8,8,1,3.9,8,1,6.7,8,北西,8,1,14.0,8,北北西,8,1,北北西,8,1,1016.4,8,1,6.0,8,1,晴一時曇,8,1
2023/2/16,4.1,8,1,9.6,8,1,-0.7,8,1,2.4,8,1,5.0,8,南東,8,1,8.5,8,南東,8,1,北北東,8,1,1024.3,8,1,1.8,8,1,快晴,8,1
2023/2/17,5.7,8,1,10.8,8,1,0.8,8,1,1.9,8,1,3.8,8,北西,8,1,6.0,8,北,8,1,北西,8,1,1023.3,8,1,2.8,8,1,晴,8,1
2023/2/18,8.9,8,1,15.0,8,1,1.8,8,1,1.8,8,1,4.7,8,南,8,1,7.0,8,南南東,8,1,北西,8,1,1019.0,8,1,1.0,8,1,晴,8,1
2023/2/19,11.8,8,1,18.5,8,1,6.9,8,1,2.0,8,1,5.3,8,北西,8,1,12.2,8,北北西,8,1,北北西,8,1,1003.1,8,1,9.8,8,1,曇,8,1
2023/2/20,9.7,8,1,14.7,8,1,4.7,8,1,3.4,8,1,7.1,8,北西,8,1,17.1,8,西北西,8,1,北西,8,1,1007.0,8,1,6.0,8,1,晴後一時雨,8,1
2023/2/21,4.7,8,1,9.2,8,1,2.2,8,1,5.0,8,1,8.7,8,北西,8,1,17.1,8,北西,8,1,北西,8,1,1019.1,8,1,2.5,8,1,快晴,8,1
2023/2/22,5.5,8,1,10.4,8,1,0.2,8,1,2.7,8,1,7.3,8,北西,8,1,11.2,8,西北西,8,1,南,8,1,1025.7,8,1,1.5,8,1,快晴,8,1
2023/2/23,8.5,8,1,14.4,8,1,4.6,8,1,1.9,8,1,4.0,8,西北西,8,1,5.6,8,北北東,8,1,北北東,8,1,1017.2,8,1,5.5,8,1,曇後晴,8,1
2023/2/24,8.9,8,1,12.1,8,1,6.0,8,1,1.6,8,1,4.5,8,北西,8,1,7.0,8,北西,8,1,北北西,8,1,1013.6,8,1,10.0,8,1,曇後一時雨,8,1
2023/2/25,7.5,8,1,12.7,8,1,4.0,8,1,4.0,8,1,7.4,8,北西,8,1,14.5,8,西北西,8,1,北西,8,1,1015.6,8,1,6.8,8,1,曇時々晴,8,1
2023/2/26,6.0,8,1,10.7,8,1,1.9,8,1,4.4,8,1,7.3,8,北西,8,1,14.0,8,西北西,8,1,北西,8,1,1022.8,8,1,0.0,8,1,快晴,8,1
2023/2/27,8.7,8,1,15.0,8,1,3.0,8,1,3.3,8,1,6.1,8,南南東,8,1,10.4,8,北西,8,1,北西,8,1,1027.8,8,1,0.0,8,1,快晴,8,1
2023/2/28,11.6,8,1,19.4,8,1,3.1,8,1,3.6,8,1,8.1,8,南,8,1,14.6,8,南,8,1,南南西,8,1,1023.1,8,1,0.0,8,1,快晴,8,1
2023/3/1,13.8,8,1,19.4,8,1,7.3,8,1,3.3,8,1,8.3,8,南南西,8,1,15.5,8,南南西,8,1,南南西,8,1,1015.0,8,1,8.5,8,1,曇,8,1
2023/3/2,12.8,8,1,20.0,8,1,6.1,8,1,5.1,8,1,11.3,8,北西,8,1,22.5,8,西北西,8,1,北西,8,1,1007.8,8,1,6.8,8,1,晴時々曇一時雨,8,1
2023/3/3,7.8,8,1,13.4,8,1,3.6,8,1,2.5,8,1,5.3,8,南南東,8,1,8.9,8,南南東,8,1,南南東,8,1,1020.9,8,1,2.5,8,1,曇後晴,8,1
2023/3/4,10.5,8,1,17.4,8,1,5.0,8,1,2.4,8,1,4.6,8,北西,8,1,7.8,8,北北東,8,1,北西,8,1,1021.6,8,1,6.0,8,1,晴後薄曇,8,1
2023/3/5,9.5,8,1,13.1,8,1,6.9,8,1,2.3,8,1,4.2,8,北東,8,1,7.7,8,東北東,8,1,北北東,8,1,1023.6,8,1,10.0,8,1,曇,8,1
2023/3/6,9.9,8,1,15.0,8,1,6.8,8,1,1.9,8,1,3.8,8,北西,8,1,6.5,8,西北西,8,1,北,8,1,1019.8,8,1,6.3,8,1,曇時々晴一時雨,8,1
2023/3/7,12.1,8,1,18.8,8,1,6.5,8,1,2.1,8,1,4.7,8,南南東,8,1,7.2,8,南南西,8,1,南南東,8,1,1018.4,8,1,0.0,8,1,快晴,8,1
2023/3/8,14.0,8,1,21.3,8,1,7.2,8,1,2.5,8,1,5.5,8,南南東,8,1,10.4,8,南南東,8,1,南,8,1,1018.3,8,1,2.5,8,1,快晴,8,1
2023/3/9,15.9,8,1,22.2,8,1,9.4,8,1,3.4,8,1,6.5,8,南,8,1,11.6,8,南南西,8,1,南,8,1,1016.7,8,1,5.8,8,1,晴後薄曇,8,1
2023/3/10,17.3,8,1,22.9,8,1,12.5,8,1,3.5,8,1,7.0,8,南西,8,1,14.3,8,南,8,1,南,8,1,1015.1,8,1,4.3,8,1,晴一時雨,8,1
2023/3/11,14.7,8,1,20.8,8,1,9.0,8,1,2.5,8,1,5.3,8,南南東,8,1,8.9,8,南南東,8,1,南東,8,1,1022.4,8,1,0.0,8,1,快晴,8,1
2023/3/12,14.5,8,1,18.8,8,1,9.7,8,1,2.9,8,1,6.2,8,南南東,8,1,10.2,8,南南東,8,1,南南東,8,1,1021.4,8,1,7.5,8,1,曇,8,1
2023/3/13,13.9,8,1,16.7,8,1,9.7,8,1,4.0,8,1,9.4,8,南南東,8,1,17.0,8,南東,8,1,南南東,8,1,1010.7,8,1,9.8,8,1,曇時々雨,8,1
2023/3/14,10.0,8,1,14.6,8,1,7.1,8,1,2.5,8,1,5.1,8,南南東,8,1,9.4,8,南南東,8,1,北東,8,1,1018.9,8,1,5.0,8,1,晴時々曇一時雨,8,1
2023/3/15,12.3,8,1,17.9,8,1,6.8,8,1,2.5,8,1,6.5,8,南東,8,1,9.6,8,南東,8,1,南南東,8,1,1024.3,8,1,3.8,8,1,晴,8,1
2023/3/16,14.5,8,1,20.9,8,1,8.5,8,1,2.3,8,1,5.3,8,南南東,8,1,8.2,8,南南東,8,1,南南東,8,1,1020.0,8,1,7.0,8,1,薄曇時々晴,8,1
2023/3/17,12.5,8,1,15.1,8,1,9.5,8,1,2.9,8,1,5.0,8,東北東,8,1,9.9,8,東,8,1,東北東,8,1,1017.7,8,1,9.5,8,1,曇,8,1
2023/3/18,8.1,8,1,9.5,8,1,6.9,8,1,2.3,8,1,4.1,8,北北東,8,1,8.2,8,北北西,8,1,北,8,1,1011.1,8,1,10.0,8,1,雨,8,1
2023/3/19,10.0,8,1,15.5,8,1,4.4,8,1,2.5,8,1,5.3,8,南南東,8,1,9.7,8,南南東,8,1,南南東,8,1,1014.7,8,1,2.5,8,1,快晴,8,1
2023/3/20,13.1,8,1,19.2,8,1,6.1,8,1,3.1,8,1,6.6,8,南南東,8,1,12.4,8,南,8,1,南南東,8,1,1016.2,8,1,3.0,8,1,晴後一時薄曇,8,1
2023/3/21,14.7,8,1,18.5,8,1,10.8,8,1,2.1,8,1,3.9,8,南南東,8,1,5.9,8,南南西,8,1,南南東,8,1,1014.0,8,1,8.8,8,1,曇,8,1
2023/3/22,17.2,8,1,23.8,8,1,12.4,8,1,2.2,8,1,5.8,8,南東,8,1,8.4,8,南東,8,1,南東,8,1,1014.2,8,1,4.3,8,1,晴,8,1
2023/3/23,16.5,8,1,19.7,8,1,13.9,8,1,2.2,8,1,6.8,8,南,8,1,12.2,8,南,8,1,南,8,1,1009.4,8,1,10.0,8,1,雨時々曇,8,1
2023/3/24,18.1,8,1,25.0,8,1,13.8,8,1,2.3,8,1,7.0,8,南,8,1,14.0,8,南南西,8,1,北北西,8,1,1004.4,8,1,10.0,8,1,曇時々雨,8,1
2023/3/25,11.0,8,1,14.1,8,1,9.4,8,1,2.6,8,1,5.6,8,東北東,8,1,11.7,8,東北東,8,1,北北東,8,1,1014.6,8,1,10.0,8,1,雨後時々曇,8,1
2023/3/26,11.4,8,1,12.5,8,1,10.4,8,1,2.0,8,1,4.9,8,北西,8,1,8.8,8,西北西,8,1,北西,8,1,1008.4,8,1,10.0,8,1,雨,8,1
2023/3/27,13.4,8,1,16.9,8,1,11.2,8,1,3.1,8,1,5.7,8,北西,8,1,12.2,8,北,8,1,北北西,8,1,1012.9,8,1,10.0,8,1,曇,8,1
2023/3/28,10.2,8,1,13.4,8,1,7.5,8,1,2.3,8,1,4.2,8,北西,8,1,7.7,8,北北東,8,1,北東,8,1,1019.9,8,1,8.8,8,1,雨後曇時々晴,8,1
2023/3/29,12.6,8,1,18.6,8,1,8.3,8,1,2.2,8,1,4.9,8,南東,8,1,7.7,8,東,8,1,北,8,1,1018.9,8,1,6.0,8,1,晴時々曇,8,1
2023/3/30,14.1,8,1,19.7,8,1,10.1,8,1,2.4,8,1,5.0,8,南南東,8,1,7.7,8,南東,8,1,南南東,8,1,1017.4,8,1,6.5,8,1,晴時々薄曇,8,1
2023/3/31,15.0,8,1,20.1,8,1,10.4,8,1,2.6,8,1,6.0,8,南,8,1,10.1,8,南,8,1,南,8,1,1014.8,8,1,6.3,8,1,薄曇後一時晴,8,1
2023/4/1,16.0,8,1,23.3,8,1,10.3,8,1,2.6,8,1,6.0,8,南南東,8,1,11.3,8,南南東,8,1,北,8,1,1013.5,8,1,2.3,8,1,快晴,8,1
2023/4/2,14.1,8,1,19.0,8,1,11.1,8,1,3.2,8,1,6.0,8,東北東,8,1,10.7,8,北東,8,1,東北東,8,1,1015.8,8,1,9.8,8,1,曇,8,1
2023/4/3,12.8,8,1,18.4,8,1,9.5,8,1,2.9,8,1,5.9,8,東北東,8,1,12.2,8,東北東,8,1,北,8,1,1019.9,8,1,3.8,8,1,晴一時曇,8,1
2023/4/4,14.0,8,1,21.0,8,1,7.7,8,1,2.3,8,1,4.3,8,南,8,1,6.9,8,南南西,8,1,南南東,8,1,1021.9,8,1,2.5,8,1,晴一時薄曇,8,1
2023/4/5,16.1,8,1,21.8,8,1,9.8,8,1,4.0,8,1,8.6,8,南,8,1,15.8,8,南南西,8,1,南南東,8,1,1019.6,8,1,8.8,8,1,薄曇,8,1
2023/4/6,18.8,8,1,23.4,8,1,16.3,8,1,6.2,8,1,9.1,8,南南西,8,1,18.2,8,南南西,8,1,南,8,1,1013.7,8,1,6.8,8,1,曇時々雨後晴,8,1
2023/4/7,18.5,8,1,21.3,8,1,17.0,8,1,6.4,8,1,9.5,8,南,8,1,20.3,8,南南西,8,1,南,8,1,1006.8,8,1,9.0,8,1,雨時々曇,8,1
2023/4/8,14.6,8,1,21.1,8,1,9.1,8,1,3.1,8,1,6.8,8,北西,8,1,14.1,8,北西,8,1,北西,8,1,1001.3,8,1,8.3,8,1,晴後雨時々曇,8,1
2023/4/9,11.8,8,1,17.7,8,1,6.6,8,1,3.0,8,1,5.5,8,北西,8,1,10.7,8,北,8,1,北西,8,1,1013.3,8,1,0.0,8,1,快晴,8,1
2023/4/10,14.6,8,1,21.6,8,1,7.4,8,1,3.5,8,1,6.4,8,南,8,1,11.9,8,南南東,8,1,南,8,1,1015.8,8,1,0.0,8,1,快晴,8,1
2023/4/11,18.2,8,1,25.0,8,1,10.9,8,1,4.6,8,1,10.3,8,南,8,1,18.5,8,南南西,8,1,南,8,1,1013.6,8,1,1.8,8,1,快晴,8,1
2023/4/12,19.2,8,1,24.5,8,1,14.3,8,1,5.1,8,1,12.5,8,南南西,8,1,19.8,8,南南西,8,1,南南西,8,1,1007.0,8,1,7.3,8,1,薄曇時々晴,8,1
2023/4/13,16.1,8,1,21.3,8,1,10.6,8,1,3.5,8,1,7.8,8,南,8,1,12.4,8,南,8,1,南,8,1,1014.8,8,1,1.0,8,1,晴,8,1
2023/4/14,18.2,8,1,22.5,8,1,13.2,8,1,3.4,8,1,6.5,8,南,8,1,12.1,8,南,8,1,南,8,1,1013.6,8,1,7.0,8,1,曇,8,1
2023/4/15,14.3,8,1,18.0,8,1,12.8,8,1,2.0,8,1,4.7,8,北西,8,1,8.0,8,南西,8,1,北西,8,1,1004.5,8,1,10.0,8,1,大雨,8,1
2023/4/16,16.2,8,1,24.5,8,1,13.0,8,1,1.8,8,1,4.3,8,北西,8,1,9.1,8,北北東,8,1,北西,8,1,992.7,8,1,5.8,8,1,曇時々晴一時雨、雷・ひょうを伴う,8,1
2023/4/17,15.1,8,1,20.3,8,1,10.1,8,1,3.4,8,1,7.3,8,北西,8,1,13.8,8,北西,8,1,北西,8,1,1007.1,8,1,4.5,8,1,晴一時曇,8,1
2023/4/18,13.6,8,1,21.0,8,1,9.5,8,1,1.9,8,1,4.1,8,東北東,8,1,9.0,8,北北東,8,1,北北西,8,1,1014.6,8,1,7.3,8,1,曇,8,1
2023/4/19,18.0,8,1,24.9,8,1,10.1,8,1,2.3,8,1,5.5,8,南南東,8,1,8.3,8,南東,8,1,南南東,8,1,1007.0,8,1,6.5,8,1,晴後曇,8,1
2023/4/20,20.4,8,1,26.0,8,1,16.5,8,1,3.2,8,1,6.3,8,南,8,1,11.1,8,南,8,1,南,8,1,1007.0,8,1,4.3,8,1,晴一時曇,8,1
2023/4/21,21.6,8,1,26.8,8,1,17.9,8,1,3.4,8,1,6.0,8,東,8,1,10.8,8,東南東,8,1,南南西,8,1,1002.0,8,1,8.0,8,1,薄曇,8,1
2023/4/22,14.9,8,1,18.4,8,1,12.4,8,1,3.0,8,1,6.1,8,南東,8,1,10.3,8,北西,8,1,南南東,8,1,1009.9,8,1,9.3,8,1,曇後一時晴,8,1
2023/4/23,14.2,8,1,20.5,8,1,10.0,8,1,3.3,8,1,6.8,8,北西,8,1,12.5,8,北西,8,1,北北西,8,1,1017.3,8,1,5.3,8,1,曇後晴,8,1
2023/4/24,13.2,8,1,16.0,8,1,11.0,8,1,2.8,8,1,6.7,8,北西,8,1,12.2,8,北,8,1,北北西,8,1,1020.0,8,1,10.0,8,1,曇,8,1
2023/4/25,14.1,8,1,19.1,8,1,8.5,8,1,2.6,8,1,5.3,8,南東,8,1,8.8,8,南東,8,1,南南東,8,1,1020.3,8,1,6.8,8,1,曇時々晴,8,1
2023/4/26,15.6,8,1,19.7,8,1,13.4,8,1,3.1,8,1,7.7,8,北西,8,1,13.8,8,南南西,8,1,北北西,8,1,1004.5,8,1,10.0,8,1,雨,8,1
2023/4/27,17.2,8,1,23.8,8,1,11.6,8,1,4.2,8,1,7.2,8,北西,8,1,14.9,8,西北西,8,1,北西,8,1,1014.9,8,1,0.5,8,1,快晴,8,1
2023/4/28,18.7,8,1,24.1,8,1,13.7,8,1,3.7,8,1,6.6,8,南南東,8,1,11.7,8,南南東,8,1,南,8,1,1018.4,8,1,5.0,8,1,晴後薄曇,8,1
2023/4/29,19.4,8,1,23.8,8,1,15.3,8,1,5.7,8,1,9.3,8,南,8,1,17.0,8,南南東,8,1,南,8,1,1011.7,8,1,7.3,8,1,薄曇,8,1
2023/4/30,19.7,8,1,22.0,8,1,17.0,8,1,3.4,8,1,7.2,8,南,8,1,14.4,8,南南西,8,1,南,8,1,1001.3,8,1,10.0,8,1,曇時々雨,8,1
2023/5/1,17.8,8,1,22.5,8,1,13.4,8,1,3.0,8,1,6.1,8,南,8,1,10.7,8,南,8,1,南南東,8,1,1008.4,8,1,8.8,8,1,曇後晴,8,1
2023/5/2,17.4,8,1,23.0,8,1,12.7,8,1,4.3,8,1,9.5,8,北西,8,1,18.1,8,北西,8,1,北西,8,1,1018.1,8,1,0.3,8,1,快晴,8,1
2023/5/3,17.8,8,1,23.4,8,1,11.8,8,1,2.7,8,1,6.6,8,南東,8,1,10.9,8,南東,8,1,南南東,8,1,1021.5,8,1,4.3,8,1,晴時々薄曇,8,1
2023/5/4,19.7,8,1,25.7,8,1,13.8,8,1,3.1,8,1,6.4,8,南東,8,1,10.1,8,南,8,1,南,8,1,1016.4,8,1,0.8,8,1,快晴,8,1
2023/5/5,21.1,8,1,26.6,8,1,15.9,8,1,4.6,8,1,10.1,8,南,8,1,15.9,8,南,8,1,南,8,1,1010.9,8,1,8.0,8,1,晴時々薄曇,8,1
2023/5/6,23.0,8,1,27.9,8,1,19.6,8,1,7.3,8,1,11.2,8,南南西,8,1,19.7,8,南南西,8,1,南南西,8,1,1004.0,8,1,10.0,8,1,薄曇,8,1
2023/5/7,17.6,8,1,22.3,8,1,12.5,8,1,4.5,8,1,8.7,8,南南西,8,1,16.5,8,南,8,1,南,8,1,1003.9,8,1,10.0,8,1,大雨,8,1
2023/5/8,12.9,8,1,16.6,8,1,10.3,8,1,2.8,8,1,6.5,8,北西,8,1,11.3,8,北西,8,1,東北東,8,1,1002.8,8,1,10.0,8,1,曇時々雨,8,1
2023/5/9,15.1,8,1,20.6,8,1,10.1,8,1,2.8,8,1,5.1,8,北東,8,1,9.0,8,北東,8,1,北東,8,1,1013.4,8,1,6.8,8,1,薄曇時々晴,8,1
2023/5/10,17.7,8,1,25.0,8,1,11.4,8,1,2.3,8,1,5.8,8,南東,8,1,8.0,8,南東,8,1,南,8,1,1011.5,8,1,5.0,8,1,晴後薄曇,8,1
2023/5/11,15.8,8,1,23.4,8,1,10.7,8,1,2.5,8,1,6.0,8,南,8,1,9.8,8,南南東,8,1,南南東,8,1,1015.7,8,1,6.8,8,1,晴後雨時々曇、雷を伴う,8,1
2023/5/12,17.1,8,1,21.9,8,1,11.3,8,1,3.1,8,1,6.3,8,南南東,8,1,9.7,8,南東,8,1,南東,8,1,1018.1,8,1,6.3,8,1,曇時々晴,8,1
2023/5/13,16.7,8,1,18.1,8,1,15.4,8,1,3.0,8,1,6.3,8,南,8,1,9.7,8,南,8,1,南,8,1,1017.4,8,1,10.0,8,1,雨一時曇,8,1
2023/5/14,16.9,8,1,21.2,8,1,14.3,8,1,3.6,8,1,6.9,8,南,8,1,11.8,8,南南東,8,1,南東,8,1,1013.5,8,1,10.0,8,1,曇後一時雨,8,1
2023/5/15,16.1,8,1,18.1,8,1,14.6,8,1,2.0,8,1,4.3,8,北東,8,1,7.4,8,北北東,8,1,北西,8,1,1008.6,8,1,9.8,8,1,雨,8,1
2023/5/16,19.9,8,1,27.5,8,1,13.1,8,1,2.6,8,1,5.8,8,南南東,8,1,9.3,8,南南東,8,1,北北西,8,1,1008.5,8,1,2.8,8,1,晴後時々薄曇,8,1
2023/5/17,22.8,8,1,31.6,8,1,15.1,8,1,2.3,8,1,5.6,8,南南西,8,1,9.7,8,南南西,8,1,南,8,1,1010.3,8,1,0.0,8,1,快晴,8,1
2023/5/18,25.4,8,1,32.2,8,1,18.7,8,1,3.3,8,1,6.6,8,南,8,1,11.7,8,南,8,1,南,8,1,1011.1,8,1,7.5,8,1,薄曇一時晴,8,1
2023/5/19,20.6,8,1,24.5,8,1,17.1,8,1,3.8,8,1,7.2,8,南南東,8,1,13.4,8,南南東,8,1,南南東,8,1,1008.1,8,1,10.0,8,1,曇後雨,8,1
2023/5/20,18.8,8,1,22.8,8,1,16.4,8,1,2.6,8,1,4.7,8,北東,8,1,9.3,8,北東,8,1,北東,8,1,1006.0,8,1,9.0,8,1,雨後曇時々晴,8,1
2023/5/21,21.1,8,1,26.3,8,1,16.1,8,1,2.4,8,1,5.5,8,南東,8,1,9.2,8,東南東,8,1,南,8,1,1005.1,8,1,7.5,8,1,薄曇時々晴,8,1
2023/5/22,22.5,8,1,29.4,8,1,16.5,8,1,2.6,8,1,6.6,8,北北東,8,1,13.6,8,北東,8,1,北北東,8,1,1001.4,8,1,8.0,8,1,曇一時晴,8,1
2023/5/23,13.9,8,1,17.2,8,1,12.3,8,1,2.4,8,1,4.3,8,北北東,8,1,9.0,8,北北東,8,1,北,8,1,1001.4,8,1,10.0,8,1,雨,8,1
2023/5/24,18.2,8,1,23.9,8,1,11.8,8,1,3.5,8,1,9.1,8,北西,8,1,15.2,8,西北西,8,1,北西,8,1,1007.9,8,1,0.5,8,1,快晴,8,1
2023/5/25,18.6,8,1,23.8,8,1,13.6,8,1,2.9,8,1,5.8,8,南東,8,1,9.7,8,南,8,1,南南東,8,1,1020.0,8,1,7.5,8,1,曇,8,1
2023/5/26,20.1,8,1,24.9,8,1,16.0,8,1,3.9,8,1,6.8,8,南南東,8,1,11.5,8,南南東,8,1,南南東,8,1,1021.3,8,1,7.5,8,1,薄曇,8,1
2023/5/27,21.2,8,1,26.7,8,1,16.5,8,1,3.0,8,1,5.6,8,南南東,8,1,9.8,8,南南東,8,1,南,8,1,1020.2,8,1,10.0,8,1,薄曇,8,1
2023/5/28,21.6,8,1,25.8,8,1,17.8,8,1,4.1,8,1,7.4,8,南南東,8,1,12.7,8,南南東,8,1,南,8,1,1015.2,8,1,9.5,8,1,曇,8,1
2023/5/29,19.8,8,1,21.3,8,1,18.8,8,1,1.4,8,1,2.6,8,西北西,8,1,4.8,8,南西,8,1,西北西,8,1,1007.4,8,1,10.0,8,1,雨一時曇,8,1
2023/5/30,21.4,8,1,26.3,8,1,18.6,8,1,2.7,8,1,7.0,8,南南東,8,1,10.7,8,南南西,8,1,南南東,8,1,1005.2,8,1,9.3,8,1,曇一時雨後時々晴,8,1
2023/5/31,19.3,8,1,22.2,8,1,16.0,8,1,2.3,8,1,4.9,8,北東,8,1,9.4,8,北東,8,1,北東,8,1,1009.0,8,1,9.8,8,1,曇一時雨後一時晴,8,1
2023/6/1,20.8,8,1,26.2,8,1,15.3,8,1,3.9,8,1,8.2,8,南南東,8,1,14.3,8,南,8,1,南南東,8,1,1010.6,8,1,8.0,8,1,曇,8,1
2023/6/2,21.3,8,1,23.8,8,1,19.7,8,1,3.9,8,1,9.3,8,南,8,1,22.1,8,南,8,1,南,8,1,999.7,8,1,10.0,8,1,大雨,8,1
2023/6/3,20.0,8,1,24.0,8,1,17.5,8,1,2.3,8,1,6.1,8,西北西,8,1,8.1,8,北東,8,1,北西,8,1,997.0,8,1,5.5,8,1,雨時々曇後晴,8,1
2023/6/4,21.6,8,1,27.5,8,1,15.3,8,1,3.3,8,1,7.0,8,南,8,1,12.3,8,南,8,1,南,8,1,1004.8,8,1,6.8,8,1,晴後曇,8,1
2023/6/5,23.1,8,1,29.8,8,1,18.4,8,1,2.5,8,1,6.4,8,南東,8,1,10.2,8,南東,8,1,南南東,8,1,1006.0,8,1,9.5,8,1,薄曇,8,1
2023/6/6,20.7,8,1,25.1,8,1,17.0,8,1,2.9,8,1,7.5,8,南,8,1,14.1,8,南,8,1,南,8,1,1006.2,8,1,9.3,8,1,曇後一時雨,8,1
2023/6/7,22.5,8,1,29.6,8,1,17.0,8,1,2.5,8,1,5.2,8,南南東,8,1,8.2,8,南南東,8,1,南南東,8,1,1005.6,8,1,9.0,8,1,薄曇時々晴一時雨,8,1
2023/6/8,23.1,8,1,28.7,8,1,18.5,8,1,3.2,8,1,6.2,8,南,8,1,10.4,8,南,8,1,南南東,8,1,1009.4,8,1,9.0,8,1,薄曇一時晴,8,1
2023/6/9,20.2,8,1,22.2,8,1,18.2,8,1,1.9,8,1,5.4,8,南,8,1,8.8,8,南,8,1,西北西,8,1,1002.6,8,1,10.0,8,1,雨後曇,8,1
2023/6/10,22.4,8,1,26.0,8,1,19.7,8,1,2.3,8,1,5.1,8,南,8,1,7.7,8,南,8,1,南,8,1,1008.9,8,1,10.0,8,1,曇,8,1
2023/6/11,21.2,8,1,22.8,8,1,20.1,8,1,1.5,8,1,3.3,8,北東,8,1,5.2,8,東北東,8,1,東北東,8,1,1009.2,8,1,10.0,8,1,雨一時曇,8,1
2023/6/12,21.3,8,1,22.5,8,1,20.5,8,1,1.6,8,1,4.2,8,南東,8,1,7.1,8,南東,8,1,北北東,8,1,1005.7,8,1,10.0,8,1,雨後一時曇,8,1
2023/6/13,23.7,8,1,29.4,8,1,19.9,8,1,2.7,5,1,5.9,5,南),5,1,9.2,5,南),5,1,北北東,5,1,1001.2,8,1,8.0,8,1,晴時々曇,8,1
2023/6/14,23.6,8,1,25.8,8,1,21.4,8,1,2.4,8,1,6.0,8,南東,8,1,8.5,8,南南東,8,1,南東,8,1,1003.5,8,1,10.0,8,1,曇一時雨,8,1
2023/6/15,21.7,8,1,24.1,8,1,20.3,8,1,1.9,8,1,4.4,8,東北東,8,1,7.0,8,北東,8,1,北北西,8,1,1004.0,8,1,10.0,8,1,曇後雨,8,1
2023/6/16,24.6,8,1,30.7,8,1,19.7,8,1,3.2,8,1,8.5,8,北西,8,1,16.7,8,北西,8,1,北西,8,1,1004.7,8,1,4.8,8,1,晴,8,1
2023/6/17,25.4,8,1,30.9,8,1,18.8,8,1,3.0,8,1,6.0,8,南東,8,1,9.8,8,南南東,8,1,南,8,1,1008.9,8,1,1.0,8,1,晴,8,1
2023/6/18,25.7,8,1,31.1,8,1,21.2,8,1,2.5,8,1,5.6,8,南東,8,1,8.3,8,南東,8,1,南南東,8,1,1002.9,8,1,6.8,8,1,薄曇一時晴,8,1
2023/6/19,23.7,8,1,27.7,8,1,18.8,8,1,3.3,8,1,5.4,8,北東,8,1,9.1,8,北北東,8,1,北東,8,1,1002.3,8,1,9.0,8,1,曇時々晴,8,1
2023/6/20,22.5,8,1,27.0,8,1,18.9,8,1,2.8,8,1,5.8,8,南南東,8,1,9.7,8,南南東,8,1,南南東,8,1,1008.6,8,1,7.5,8,1,薄曇時々晴,8,1
2023/6/21,22.6,8,1,27.2,8,1,18.7,8,1,3.0,8,1,5.5,8,南南東,8,1,8.9,8,南東,8,1,南南東,8,1,1009.7,8,1,9.5,8,1,薄曇一時晴,8,1
2023/6/22,19.9,8,1,22.6,8,1,16.7,8,1,2.3,8,1,4.7,8,南南東,8,1,7.4,8,南東,8,1,北,8,1,1007.3,8,1,10.0,8,1,曇時々雨,8,1
2023/6/23,21.1,8,1,24.9,8,1,16.9,8,1,1.4,8,1,3.5,8,北西,8,1,6.6,8,西北西,8,1,北西,8,1,1005.6,8,1,10.0,8,1,曇,8,1
2023/6/24,24.7,8,1,29.5,8,1,21.7,8,1,2.4,8,1,5.7,8,南南東,8,1,8.9,8,南南東,8,1,南南東,8,1,1010.4,8,1,9.5,8,1,曇一時晴,8,1
2023/6/25,25.8,8,1,30.9,8,1,22.0,8,1,2.5,8,1,6.9,8,南東,8,1,10.4,8,南南東,8,1,南南東,8,1,1011.9,8,1,5.3,8,1,曇後晴,8,1
2023/6/26,25.9,8,1,30.4,8,1,22.5,8,1,2.9,8,1,5.7,8,南東,8,1,8.8,8,南東,8,1,南,8,1,1011.6,8,1,10.0,8,1,薄曇,8,1
2023/6/27,25.9,8,1,29.6,8,1,23.6,8,1,2.2,8,1,4.3,8,南南東,8,1,6.5,8,南南東,8,1,南南東,8,1,1011.5,8,1,9.8,8,1,曇一時雨,8,1
2023/6/28,27.1,8,1,32.3,8,1,23.5,8,1,2.6,8,1,6.6,8,南南東,8,1,10.5,8,南東,8,1,南南東,8,1,1007.2,8,1,9.5,8,1,曇時々晴,8,1
2023/6/29,27.3,8,1,33.8,8,1,23.4,8,1,2.2,8,1,6.1,8,南南東,8,1,9.5,8,南南東,8,1,南南東,8,1,1003.2,8,1,8.8,8,1,晴時々曇,8,1
2023/6/30,26.3,8,1,30.5,8,1,23.8,8,1,3.8,8,1,8.2,8,南南西,8,1,15.8,8,南,8,1,南南西,8,1,1001.7,8,1,10.0,8,1,雨時々曇,8,1
2023/7/1,25.3,8,1,27.8,8,1,21.5,8,1,3.3,8,1,6.0,8,南南西,8,1,11.4,8,南南西,8,1,南,8,1,1001.1,8,1,10.0,8,1,雨時々曇,8,1
2023/7/2,26.0,8,1,31.7,8,1,20.7,8,1,3.1,8,1,6.6,8,南,8,1,10.3,8,南,8,1,南南東,8,1,1004.9,8,1,7.0,8,1,晴時々薄曇,8,1
2023/7/3,27.3,8,1,32.2,8,1,23.6,8,1,2.3,8,1,5.4,8,南,8,1,8.3,8,南南東,8,1,南南東,8,1,1003.6,8,1,9.8,8,1,薄曇一時晴,8,1
2023/7/4,25.9,8,1,30.6,8,1,21.3,8,1,3.0,8,1,5.7,8,南南東,8,1,9.1,8,東,8,1,東北東,8,1,1001.9,8,1,6.3,8,1,晴一時曇,8,1
2023/7/5,25.2,8,1,28.7,8,1,22.5,8,1,3.6,8,1,6.7,8,南,8,1,12.3,8,南南東,8,1,南南東,8,1,1001.5,8,1,10.0,8,1,曇後一時雨,8,1
2023/7/6,26.4,8,1,33.4,8,1,22.0,8,1,2.6,8,1,4.8,8,北西,8,1,9.0,8,北,8,1,南南東,8,1,1000.3,8,1,6.8,8,1,曇時々晴一時雨,8,1
2023/7/7,28.4,8,1,34.2,8,1,23.8,8,1,3.3,8,1,8.4,8,南,8,1,13.4,8,南,8,1,南,8,1,1006.0,8,1,8.5,8,1,薄曇時々晴,8,1
2023/7/8,27.8,8,1,30.9,8,1,25.2,8,1,4.3,8,1,7.1,8,南,8,1,13.8,8,南南西,8,1,南南西,8,1,1003.9,8,1,9.3,8,1,曇時々雨,8,1
2023/7/9,28.6,8,1,33.0,8,1,25.1,8,1,3.4,8,1,7.6,8,南南西,8,1,12.6,8,南南西,8,1,南南西,8,1,1002.6,8,1,8.0,8,1,曇一時晴後一時雨,8,1
2023/7/10,30.2,8,1,36.5,8,1,25.7,8,1,3.0,8,1,6.9,8,南南東,8,1,13.2,8,南,8,1,南南東,8,1,1003.1,8,1,2.8,8,1,晴,8,1
2023/7/11,29.4,8,1,34.3,8,1,25.3,8,1,2.9,8,1,6.3,8,南東,8,1,9.2,8,南東,8,1,南東,8,1,1004.9,8,1,1.0,8,1,晴,8,1
2023/7/12,30.8,8,1,37.5,8,1,25.1,8,1,2.5,8,1,6.2,8,南,8,1,10.0,8,南,8,1,南,8,1,1002.8,8,1,4.8,8,1,晴一時曇,8,1
2023/7/13,28.0,8,1,30.3,8,1,24.2,8,1,2.4,8,1,5.2,8,西南西,8,1,9.1,8,西,8,1,西南西,8,1,1003.4,8,1,9.8,8,1,曇時々雨,8,1
2023/7/14,27.4,8,1,30.5,8,1,24.8,8,1,2.1,8,1,4.4,8,南,8,1,8.1,8,東,8,1,南,8,1,1006.4,8,1,10.0,8,1,曇一時雨,8,1
2023/7/15,28.8,8,1,32.9,8,1,26.5,8,1,3.6,8,1,5.9,8,南,8,1,10.6,8,南西,8,1,南南西,8,1,1005.6,8,1,10.0,8,1,曇,8,1
2023/7/16,30.2,8,1,35.3,8,1,26.7,8,1,3.0,8,1,5.6,8,南南東,8,1,8.8,8,南東,8,1,南南東,8,1,1007.0,8,1,5.5,8,1,晴時々薄曇,8,1
2023/7/17,31.3,8,1,36.2,8,1,26.9,8,1,3.0,8,1,6.8,8,南南東,8,1,10.7,8,南東,8,1,南南東,8,1,1010.4,8,1,0.0,8,1,快晴,8,1
2023/7/18,31.8,8,1,37.5,8,1,27.3,8,1,2.5,8,1,6.5,8,南東,8,1,9.0,8,南東,8,1,南東,8,1,1008.7,8,1,4.5,8,1,晴時々薄曇,8,1
2023/7/19,29.7,8,1,33.9,8,1,26.4,8,1,3.0,8,1,7.3,8,南,8,1,14.4,8,南西,8,1,南南東,8,1,1001.9,8,1,6.5,8,1,曇時々晴,8,1
2023/7/20,28.1,8,1,32.6,8,1,25.1,8,1,3.1,8,1,6.1,8,南南東,8,1,10.4,8,南,8,1,北東,8,1,1004.1,8,1,8.8,8,1,曇時々晴,8,1
2023/7/21,27.2,8,1,31.6,8,1,24.0,8,1,2.9,8,1,5.3,8,東北東,8,1,8.6,8,東,8,1,東北東,8,1,1011.6,8,1,8.0,8,1,曇時々晴,8,1
2023/7/22,27.2,8,1,33.4,8,1,24.1,8,1,2.7,8,1,5.7,8,南東,8,1,10.5,8,南南東,8,1,北東,8,1,1015.2,8,1,8.3,8,1,晴時々曇,8,1
2023/7/23,27.7,8,1,33.4,8,1,22.5,8,1,2.6,8,1,5.1,8,南東,8,1,8.4,8,南南東,8,1,南南東,8,1,1013.8,8,1,0.8,8,1,晴,8,1
2023/7/24,28.5,8,1,35.7,8,1,23.5,8,1,3.2,8,1,6.3,8,南東,8,1,10.1,8,南,8,1,南南東,8,1,1012.1,8,1,6.5,8,1,薄曇後晴,8,1
2023/7/25,29.8,8,1,36.6,8,1,24.2,8,1,2.7,8,1,5.7,8,南東,8,1,9.1,8,南南東,8,1,南南東,8,1,1012.4,8,1,2.5,8,1,晴一時薄曇,8,1
2023/7/26,31.0,8,1,37.7,8,1,25.6,8,1,2.7,8,1,6.1,8,南,8,1,9.4,8,南,8,1,南,8,1,1012.7,8,1,1.8,8,1,晴,8,1
2023/7/27,30.6,8,1,36.9,8,1,26.4,8,1,3.1,8,1,6.5,8,南南東,8,1,9.6,8,南南東,8,1,南,8,1,1012.2,8,1,3.3,8,1,晴一時曇,8,1
2023/7/28,30.4,8,1,36.2,8,1,26.7,8,1,3.4,8,1,6.2,8,南,8,1,9.7,8,南南東,8,1,南,8,1,1012.9,8,1,3.5,8,1,晴,8,1
2023/7/29,30.0,8,1,35.7,8,1,25.8,8,1,3.7,8,1,6.8,8,南,8,1,11.5,8,南,8,1,南,8,1,1013.6,8,1,0.5,8,1,晴,8,1
2023/7/30,30.3,8,1,36.6,8,1,25.7,8,1,3.5,8,1,6.7,8,南東,8,1,11.1,8,南,8,1,南,8,1,1012.5,8,1,0.3,8,1,快晴,8,1
2023/7/31,30.7,8,1,36.1,8,1,27.5,8,1,4.0,8,1,6.9,8,南南東,8,1,11.9,8,南南東,8,1,南南東,8,1,1010.5,8,1,6.3,8,1,晴後一時曇,8,1
2023/8/1,26.0,8,1,33.2,8,1,22.2,8,1,2.5,8,1,7.1,8,北東,8,1,13.7,8,東北東,8,1,南,8,1,1010.6,8,1,10.0,8,1,曇後時々雨、雷を伴う,8,1
2023/8/2,28.9,8,1,34.7,8,1,24.0,8,1,3.7,8,1,9.2,8,南,8,1,15.1,8,南,8,1,南,8,1,1009.0,8,1,5.0,8,1,晴一時曇,8,1
2023/8/3,30.2,8,1,35.0,8,1,26.3,8,1,4.0,8,1,8.1,8,南南東,8,1,12.8,8,南,8,1,南,8,1,1007.2,8,1,2.8,8,1,晴,8,1
2023/8/4,31.3,8,1,36.7,8,1,26.8,8,1,3.0,8,1,6.2,8,南東,8,1,9.5,8,南南東,8,1,南,8,1,1004.1,8,1,1.8,8,1,晴後一時曇,8,1
2023/8/5,30.4,8,1,35.9,8,1,27.7,8,1,4.3,8,1,7.9,8,南東,8,1,12.7,8,南南東,8,1,南,8,1,1002.1,8,1,2.8,8,1,晴,8,1
2023/8/6,28.6,8,1,34.8,8,1,26.3,8,1,4.1,8,1,8.3,8,南南東,8,1,13.3,8,南東,8,1,南南東,8,1,1001.6,8,1,6.5,8,1,晴後時々曇一時雨,8,1
2023/8/7,29.4,8,1,34.9,8,1,25.9,8,1,3.7,8,1,6.4,8,南東,8,1,9.7,8,南南東,8,1,南南東,8,1,1003.6,8,1,9.0,8,1,晴時々曇,8,1
2023/8/8,30.1,8,1,35.9,8,1,26.7,8,1,3.3,8,1,6.0,8,南南東,8,1,9.9,8,南東,8,1,南南東,8,1,1006.1,8,1,7.3,8,1,晴時々薄曇,8,1
2023/8/9,28.2,8,1,31.8,8,1,26.5,8,1,3.7,8,1,7.5,8,南南東,8,1,15.8,8,南東,8,1,南東,8,1,1009.5,8,1,9.8,8,1,曇時々雨、雷を伴う,8,1
2023/8/10,29.5,8,1,34.4,8,1,26.3,8,1,3.6,8,1,6.1,8,南南東,8,1,10.5,8,南南東,8,1,南東,8,1,1009.6,8,1,4.8,8,1,晴,8,1
2023/8/11,29.5,8,1,35.0,8,1,26.2,8,1,3.1,8,1,6.1,8,東北東,8,1,10.6,8,北東,8,1,北東,8,1,1005.1,8,1,5.8,8,1,晴時々曇,8,1
2023/8/12,29.7,8,1,35.5,8,1,26.2,8,1,2.5,8,1,6.3,8,南南東,8,1,9.7,8,南南東,8,1,南東,8,1,1001.4,8,1,5.3,8,1,晴一時曇,8,1
2023/8/13,27.4,8,1,32.9,8,1,25.8,8,1,2.2,8,1,4.7,8,北北東,8,1,9.3,8,東南東,8,1,東北東,8,1,1002.2,8,1,9.8,8,1,大雨時々曇,8,1
2023/8/14,28.6,8,1,32.9,8,1,26.1,8,1,3.0,8,1,6.5,8,南東,8,1,11.1,8,南南東,8,1,東北東,8,1,1002.2,8,1,9.5,8,1,曇時々晴一時雨,8,1
2023/8/15,28.6,8,1,32.8,8,1,25.7,8,1,4.2,8,1,8.2,8,南南東,8,1,12.6,8,南南東,8,1,南南東,8,1,1002.6,8,1,9.3,8,1,曇一時晴,8,1
2023/8/16,28.1,8,1,32.2,8,1,25.5,8,1,4.6,8,1,7.2,8,南南東,8,1,12.7,8,南,8,1,南,8,1,1003.3,8,1,9.8,8,1,曇時々雨一時晴,8,1
2023/8/17,29.9,8,1,34.5,8,1,26.8,8,1,3.6,8,1,6.7,8,南南東,8,1,11.2,8,南南東,8,1,南,8,1,1004.7,8,1,5.3,8,1,晴一時曇,8,1
2023/8/18,30.0,8,1,34.6,8,1,26.7,8,1,3.2,8,1,5.9,8,南東,8,1,9.2,8,南東,8,1,南南東,8,1,1007.2,8,1,2.5,8,1,晴,8,1
2023/8/19,30.3,8,1,35.7,8,1,26.2,8,1,2.4,8,1,5.5,8,南東,8,1,8.3,8,南東,8,1,南南東,8,1,1009.2,8,1,5.5,8,1,晴,8,1
2023/8/20,30.3,8,1,35.3,8,1,27.2,8,1,2.4,8,1,5.4,8,南東,8,1,7.8,8,南,8,1,南南東,8,1,1009.3,8,1,8.3,8,1,晴一時曇,8,1
2023/8/21,29.8,8,1,34.8,8,1,26.3,8,1,2.6,8,1,5.7,8,南東,8,1,8.7,8,南東,8,1,南東,8,1,1008.8,8,1,4.8,8,1,晴時々薄曇,8,1
2023/8/22,28.6,8,1,32.1,8,1,26.6,8,1,2.4,8,1,6.5,8,南南東,8,1,10.0,8,南南東,8,1,南東,8,1,1009.1,8,1,7.8,8,1,晴時々雨一時曇、雷を伴う,8,1
2023/8/23,29.4,8,1,34.1,8,1,26.1,8,1,4.0,8,1,7.8,8,南東,8,1,13.1,8,南南東,8,1,南南東,8,1,1010.1,8,1,8.5,8,1,晴時々曇,8,1
2023/8/24,29.5,8,1,34.1,8,1,27.2,8,1,3.9,8,1,6.2,8,南南東,8,1,10.8,8,南東,8,1,南,8,1,1010.9,8,1,6.8,8,1,晴一時曇,8,1
2023/8/25,29.6,8,1,34.4,8,1,26.5,8,1,3.8,8,1,6.1,8,南東,8,1,10.3,8,南南東,8,1,南,8,1,1009.2,8,1,2.0,8,1,晴,8,1
2023/8/26,28.1,8,1,33.4,8,1,25.5,8,1,2.0,8,1,5.0,8,東北東,8,1,10.9,8,東北東,8,1,南東,8,1,1008.1,8,1,5.3,8,1,晴後一時雨,8,1
2023/8/27,28.0,8,1,32.4,8,1,25.5,8,1,2.3,8,1,5.7,8,東北東,8,1,11.5,8,北東,8,1,北,8,1,1005.6,8,1,6.8,8,1,曇時々晴一時雨,8,1
2023/8/28,29.2,8,1,34.6,8,1,25.3,8,1,2.8,8,1,6.0,8,南南東,8,1,9.8,8,南東,8,1,南南西,8,1,1005.4,8,1,10.0,8,1,薄曇,8,1
2023/8/29,29.4,8,1,35.0,8,1,26.1,8,1,3.4,8,1,7.5,8,南東,8,1,11.5,8,南東,8,1,南,8,1,1010.6,8,1,3.0,8,1,晴時々曇,8,1
2023/8/30,29.6,8,1,34.6,8,1,25.7,8,1,3.5,8,1,7.2,8,南南東,8,1,11.6,8,南南西,8,1,南,8,1,1013.1,8,1,7.3,8,1,薄曇一時晴,8,1
2023/8/31,29.0,8,1,34.1,8,1,26.0,8,1,4.3,8,1,7.0,8,南南東,8,1,11.6,8,南,8,1,南,8,1,1014.1,8,1,10.0,8,1,薄曇,8,1
2023/9/1,29.2,8,1,33.4,8,1,25.8,8,1,4.3,8,1,7.2,8,南南東,8,1,12.4,8,南南東,8,1,南南東,8,1,1012.1,8,1,2.0,8,1,晴,8,1
2023/9/2,29.6,8,1,34.9,8,1,26.1,8,1,3.1,8,1,6.0,8,南南東,8,1,8.8,8,南南西,8,1,南南東,8,1,1010.3,8,1,8.0,8,1,薄曇時々晴,8,1
2023/9/3,29.1,8,1,34.6,8,1,26.0,8,1,2.8,8,1,5.3,8,東北東,8,1,9.6,8,北東,8,1,東北東,8,1,1010.6,8,1,9.3,8,1,薄曇,8,1
2023/9/4,26.1,8,1,30.3,8,1,24.5,8,1,2.6,8,1,4.7,8,北北東,8,1,9.0,8,北西,8,1,北,8,1,1007.5,8,1,10.0,8,1,雨時々曇,8,1
2023/9/5,29.3,8,1,34.8,8,1,25.2,8,1,3.5,8,1,7.2,8,南,8,1,11.6,8,南南西,8,1,南,8,1,1005.2,8,1,3.5,8,1,晴,8,1
2023/9/6,27.5,8,1,33.4,8,1,23.9,8,1,2.6,8,1,6.2,8,南南西,8,1,12.2,8,南南西,8,1,南南西,8,1,1003.6,8,1,10.0,8,1,曇一時雨,8,1
2023/9/7,27.0,8,1,30.0,8,1,24.3,8,1,2.5,8,1,4.8,8,東北東,8,1,8.7,8,東北東,8,1,東北東,8,1,1007.9,8,1,10.0,8,1,曇,8,1
